{
	"format_version": "1.10.0",
	"animation_controllers": {
		"controller.animation.bridge_flying_lantern.execute_commands": {
			"states": {
				"default": {
					"transitions": [
						{
							"execute_command_id_4": "query.skin_id == 4"
						},
						{
							"execute_command_id_3": "query.skin_id == 3"
						},
						{
							"execute_command_id_2": "query.skin_id == 2"
						},
						{
							"execute_command_id_1": "query.skin_id == 1"
						}
					]
				},
				"execute_command_id_1": {
					"transitions": [
						{
							"default": "query.skin_id != 1"
						}
					],
					"on_entry": [
						"/tp @s ~~0.05~0.025 true",
						"@s bridge:remove_command_id_1"
					]
				},
				"execute_command_id_2": {
					"transitions": [
						{
							"default": "query.skin_id != 2"
						}
					],
					"on_entry": [
						"/fill ~-3 ~-3 ~-3 ~3 ~3 ~3 air 0 replace light_block 13",
						"@s bridge:remove_command_id_2"
					]
				},
				"execute_command_id_3": {
					"transitions": [
						{
							"default": "query.skin_id != 3"
						}
					],
					"on_entry": [
						"/effect @s levitation 1000 0 true",
						"/fill ~-3~-2~-3 ~3~-1~3 air 0 replace light_block 13",
						"@s bridge:remove_command_id_3"
					]
				},
				"execute_command_id_4": {
					"transitions": [
						{
							"default": "query.skin_id != 4"
						}
					],
					"on_entry": [
						"/particle minecraft:basic_flame_particle ~~~",
						"@s bridge:remove_command_id_4"
					]
				}
			}
		}
	}
}